asset_id,asset_type,environment,network_segment,criticality
ASSET-HMI-21,OT-HMI,OT,SEGMENT-OT-01,CRITICAL
ASSET-HMI-22,OT-HMI,OT,SEGMENT-OT-02,CRITICAL
ASSET-SRV-08,Application Server,IT,SEGMENT-IT-01,HIGH
ASSET-SRV-11,Application Server,IT,SEGMENT-IT-02,HIGH
ASSET-DB-04,Database,IT,SEGMENT-IT-01,CRITICAL
ASSET-DB-07,Database,IT,SEGMENT-IT-02,CRITICAL
ASSET-APP-17,Business Application,IT,SEGMENT-APP-01,HIGH
ASSET-API-05,API Gateway,DMZ,SEGMENT-DMZ-01,HIGH
ASSET-API-07,API Gateway,DMZ,SEGMENT-DMZ-02,HIGH
