alert_id,alert_timestamp,case_id,cse_id,asset_id,severity,alert_type,source,status
ALR-7001,2026-09-15T08:02:14Z,CASE-3001,CSE-014,ASSET-HMI-21,HIGH,AUTH_ANOMALY,SIEM,NEW
ALR-7002,2026-09-16T11:15:02Z,CASE-3002,CSE-014,ASSET-SRV-08,CRITICAL,MALWARE_BEHAVIOUR,SIEM,NEW
ALR-7003,2026-09-17T03:02:12Z,CASE-3003,CSE-014,ASSET-DB-04,HIGH,PRIVILEGED_ACCESS_ANOMALY,SIEM,NEW
ALR-7004,2026-09-19T14:10:44Z,CASE-3004,CSE-014,ASSET-APP-17,MEDIUM,SUSPICIOUS_WEB_REQUEST,SIEM,NEW
ALR-7005,2026-09-20T23:05:10Z,CASE-3005,CSE-014,ASSET-API-05,HIGH,EXCESSIVE_AUTH_FAILURES,SIEM,NEW
ALR-7006,2026-09-22T16:23:22Z,CASE-3006,CSE-014,ASSET-SRV-08,HIGH,LATERAL_MOVEMENT_INDICATOR,SIEM,NEW
ALR-7007,2026-09-24T09:00:51Z,CASE-3007,CSE-014,ASSET-API-07,HIGH,TOKEN_MISUSE,SIEM,NEW
ALR-7008,2026-09-25T20:05:10Z,CASE-3008,CSE-014,ASSET-DB-07,CRITICAL,DATABASE_BEHAVIOUR_ANOMALY,SIEM,NEW
ALR-7009,2026-09-26T11:02:15Z,CASE-3009,CSE-014,ASSET-SRV-11,HIGH,SUSPICIOUS_PROCESS_TREE,SIEM,NEW
