case_id,event_timestamp,event_type,actor,alert_id
CASE-3001,2026-09-15T08:02:14Z,ALERT,siem-engine,ALR-7001
CASE-3001,2026-09-15T08:12:49Z,TRIAGE,analyst-07,ALR-7001
CASE-3001,2026-09-15T08:41:30Z,INVESTIGATION,analyst-07,ALR-7001
CASE-3001,2026-09-15T09:05:11Z,ARTIFACT_COLLECTION,analyst-07,ALR-7001
CASE-3001,2026-09-15T09:24:16Z,ESCALATION,analyst-07,ALR-7001
CASE-3001,2026-09-15T10:12:51Z,ACKNOWLEDGEMENT,incident-authority,ALR-7001
CASE-3001,2026-09-15T12:42:10Z,CLOSURE,analyst-07,ALR-7001
CASE-3002,2026-09-16T11:15:02Z,ALERT,siem-engine,ALR-7002
CASE-3002,2026-09-16T11:39:18Z,TRIAGE,analyst-11,ALR-7002
CASE-3002,2026-09-16T12:18:53Z,INVESTIGATION,analyst-11,ALR-7002
CASE-3002,2026-09-16T12:31:25Z,PROCESS_CAPTURED,edr-agent,ALR-7002
CASE-3002,2026-09-16T13:05:44Z,ESCALATION,analyst-11,ALR-7002
CASE-3003,2026-09-17T03:02:12Z,ALERT,siem-engine,ALR-7003
CASE-3003,2026-09-17T03:32:40Z,TRIAGE,analyst-03,ALR-7003
CASE-3003,2026-09-17T03:51:19Z,INVESTIGATION,analyst-03,ALR-7003
CASE-3004,2026-09-19T14:10:44Z,ALERT,siem-engine,ALR-7004
CASE-3004,2026-09-19T14:18:03Z,TRIAGE,analyst-07,ALR-7004
CASE-3004,2026-09-19T14:34:47Z,INVESTIGATION,analyst-07,ALR-7004
CASE-3004,2026-09-19T15:22:32Z,CLOSURE,analyst-07,ALR-7004
CASE-3005,2026-09-20T23:05:10Z,ALERT,siem-engine,ALR-7005
CASE-3005,2026-09-21T00:02:10Z,TRIAGE,analyst-04,ALR-7005
CASE-3007,2026-09-24T09:00:51Z,ALERT,siem-engine,ALR-7007
CASE-3007,2026-09-24T09:07:59Z,TRIAGE,analyst-04,ALR-7007
CASE-3007,2026-09-24T09:15:12Z,INVESTIGATION,analyst-04,ALR-7007
CASE-3007,2026-09-24T09:16:45Z,ARTIFACT_COLLECTION,analyst-04,ALR-7007
CASE-3007,2026-09-24T09:20:11Z,ARTIFACT_COLLECTION,analyst-04,ALR-7007
CASE-3008,2026-09-25T20:05:10Z,ALERT,siem-engine,ALR-7008
CASE-3008,2026-09-25T20:11:20Z,TRIAGE,analyst-03,ALR-7008
CASE-3008,2026-09-25T20:27:08Z,INVESTIGATION,analyst-03,ALR-7008
CASE-3008,2026-09-25T20:39:49Z,ESCALATION,analyst-03,ALR-7008
CASE-3009,2026-09-26T11:02:15Z,ALERT,siem-engine,ALR-7009
CASE-3009,2026-09-26T11:09:26Z,TRIAGE,analyst-11,ALR-7009
