case_id,alert_id,cse_id,assigned_analyst,alert_time,triage_time,investigation_time,escalation_time,closure_time,status,severity
CASE-3001,ALR-7001,CSE-014,analyst-07,2026-09-15T08:02:14Z,2026-09-15T08:12:49Z,2026-09-15T08:41:30Z,2026-09-15T09:24:16Z,2026-09-15T12:42:10Z,ESCALATED,HIGH
CASE-3002,ALR-7002,CSE-014,analyst-11,2026-09-16T11:15:02Z,2026-09-16T11:39:18Z,2026-09-16T12:18:53Z,2026-09-16T13:05:44Z,,ESCALATED,CRITICAL
CASE-3003,ALR-7003,CSE-014,analyst-03,2026-09-17T03:02:12Z,2026-09-17T03:32:40Z,2026-09-17T03:51:19Z,,,OPEN,HIGH
CASE-3004,ALR-7004,CSE-014,analyst-07,2026-09-19T14:10:44Z,2026-09-19T14:18:03Z,2026-09-19T14:34:47Z,,2026-09-19T15:22:32Z,CLOSED,MEDIUM
CASE-3005,ALR-7005,CSE-014,analyst-04,2026-09-20T23:05:10Z,2026-09-21T00:02:10Z,,,,OPEN,HIGH
CASE-3006,ALR-7006,CSE-014,analyst-11,2026-09-22T16:23:22Z,,,,,OPEN,HIGH
CASE-3007,ALR-7007,CSE-014,analyst-04,2026-09-24T09:00:51Z,2026-09-24T09:07:59Z,2026-09-24T09:15:12Z,,,IN_PROGRESS,HIGH
CASE-3008,ALR-7008,CSE-014,analyst-03,2026-09-25T20:05:10Z,2026-09-25T20:11:20Z,2026-09-25T20:27:08Z,2026-09-25T20:39:49Z,,ESCALATED,CRITICAL
CASE-3009,ALR-7009,CSE-014,analyst-11,2026-09-26T11:02:15Z,2026-09-26T11:09:26Z,,,,IN_PROGRESS,HIGH
